{
    "moveSpeed": 15.800000190734863,
    "pitch": 1.045165777206421,
    "position": [
        0.07215136289596558,
        11.442131996154785,
        18.910411834716797
    ],
    "rotateSpeed": 0.4099999964237213,
    "scrollSpeed": 1.649999976158142,
    "yaw": 2.7061567306518555
}