{
    "moveSpeed": 15.699999809265137,
    "rotateSpeed": 0.9599999785423279,
    "scrollSpeed": 1.0
}