{
    "moveSpeed": 15.699999809265137,
    "pitch": 0.23068268597126007,
    "position": [
        8.0983304977417,
        3.5664026737213135,
        -0.044563088566064835
    ],
    "rotateSpeed": 0.6000000238418579,
    "scrollSpeed": 1.0,
    "yaw": -1.5503294467926025
}