{
    "moveSpeed": 15.699999809265137,
    "rotateSpeed": 0.6000000238418579,
    "scrollSpeed": 1.0
}