{
    "moveSpeed": 15.699999809265137,
    "pitch": 1.076573371887207,
    "position": [
        3.751966953277588,
        12.149935722351074,
        -4.131541728973389
    ],
    "rotateSpeed": 0.6000000238418579,
    "scrollSpeed": 1.0,
    "yaw": 0.03478575870394707
}