{
    "moveSpeed": 15.699999809265137,
    "pitch": 1.2955868244171143,
    "position": [
        0.12405314296483994,
        18.899612426757813,
        -6.2936506271362305
    ],
    "rotateSpeed": 0.6000000238418579,
    "scrollSpeed": 1.0,
    "yaw": 0.0061174314469099045
}