{
    "moveSpeed": 15.699999809265137,
    "pitch": 0.20972487330436707,
    "position": [
        -6.152031898498535,
        5.0,
        10.635693550109863
    ],
    "rotateSpeed": 0.6000000238418579,
    "scrollSpeed": 1.0,
    "yaw": -3.5000417232513428
}