{
    "moveSpeed": 15.699999809265137,
    "pitch": 0.006895262748003006,
    "position": [
        3.4809815883636475,
        2.8275458812713623,
        14.741205215454102
    ],
    "rotateSpeed": 0.6000000238418579,
    "scrollSpeed": 1.0,
    "yaw": -0.32550889253616333
}