{
    "moveSpeed": 15.699999809265137,
    "rotateSpeed": 0.3499999940395355,
    "scrollSpeed": 1.0
}